{
  "data": [
    {
      "name": "(新增)稳定轮播*荐*",
      "pic": "https://tva3.sinaimg.cn/large/0072Vf1pgy1foxkf2ckn5j31hc0u0nkl.jpg",
      "url": "https://gitee.com/freedTV/freed/raw/master/tv/douyu.txt",
      "type": "txt",
      "subTitle": "经典动画电影整理中",
      "click": true,
      "autoNext": true,
      "decoder": 0,
      "webPlus": {}
    },
    {
      "name": "(新增)hy电影(选IJK解码)",
      "pic": "https://tva1.sinaimg.cn/large/a15b4afegy1fmvjekvk6yj21hc0u0h7x.jpg",
      "url": "https://gitee.com/freedTV/freed/raw/master/tv/电影轮播.txt",
      "type": "txt",
      "subTitle": "",
      "click": true,
      "autoNext": false,
      "decoder": 1,
      "webPlus": {}
    },
    {
      "name": "(新增)hy电视(选IJK解码)",
      "pic": "https://tva1.sinaimg.cn/large/0072Vf1pgy1foxkc6qp2sj31hc0u0k1p.jpg",
      "url": "https://gitee.com/freedTV/freed/raw/master/tv/电视轮播.txt",
      "type": "txt",
      "subTitle": "",
      "click": true,
      "autoNext": false,
      "decoder": 1,
      "webPlus": {}
    },
    {
      "name": "(新增)hy综艺(选IJK解码)",
      "pic": "https://tva4.sinaimg.cn/large/a15b4afely1fnt9plhh8oj21hc0u0dxy.jpg",
      "url": "https://gitee.com/freedTV/freed/raw/master/tv/综艺轮播.txt",
      "type": "txt",
      "subTitle": "",
      "click": true,
      "autoNext": false,
      "decoder": 1,
      "webPlus": {}
    },
    {
      "name": "yk(新增/IJK解码)",
      "pic": "https://tva1.sinaimg.cn/large/a15b4afely1fmvj6ly1yqj21hc0u00vv.jpg",
      "url": "https://gitee.com/freedTV/freed/raw/master/tv/youku.m3u",
      "type": "txt",
      "subTitle": "经典动画电影整理中",
      "click": false,
      "autoNext": false,
      "decoder": 1,
      "webPlus": {}
    },
    {
      "name": "央卫(更新:20210205)",
      "pic": "https://tva1.sinaimg.cn/large/0072Vf1pgy1fodqgoyhkrj31hc0u0khb.jpg",
      "url": "https://gitee.com/freedTV/freed/raw/master/tv/live.m3u",
      "type": "txt",
      "subTitle": "经典动画电影整理中",
      "click": true,
      "autoNext": false,
      "decoder": 0,
      "webPlus": {}
    },
    {
      "name": "iHOT系列",
      "pic": "https://tva3.sinaimg.cn/large/a15b4afegy1fmvjkpglf3j21hc0u0h59.jpg",
      "url": "https://gitee.com/freedTV/freed/raw/master/tv/ihot.m3u",
      "type": "m3u",
      "subTitle": "经典动画电影整理中",
      "click": true,
      "autoNext": false,
      "decoder": 0,
      "webPlus": {}
    },
    {
      "name": "YY轮播(选IKJ解码)",
      "pic": "https://tva3.sinaimg.cn/large/0072Vf1pgy1foxkipc63ij31hc0u0wv2.jpg",
      "url": "https://gitee.com/freedTV/freed/raw/master/tv/yy.m3u",
      "type": "m3u",
      "subTitle": "经典动画电影整理中",
      "click": true,
      "autoNext": false,
      "decoder": 0,
      "webPlus": {}
    }
  ]
}